PC1,PC2,PC3,PC4,PC5,PC6
-0.6899099675261832,-1.0629271383568462,0.4406104120733262,0.4042631084397199,-0.15324451524436386,0.0
-0.4225633514302056,-0.9637467148656802,-0.3296655068610377,-0.03304828724256614,0.02983965970881025,0.0
0.5618134413958887,-1.0741419682229465,1.0552433268130181,-0.36500047365269667,0.1900038826722855,0.0
0.16722000721280736,-0.9858253528347342,-0.43543255317275675,0.12407672768933453,0.04431530838497458,0.0
-0.28997791595011757,-0.963006919598634,-0.3486913925627113,-0.0005179274117583232,0.041810863862241726,0.0
1.8063887258478646,-1.0167511848372115,0.09139964316041393,-0.5286594774194446,0.36039776621123576,0.0
-1.0131770172069074,-1.009074943344683,0.9210160320650657,-0.2318193276008626,-0.0033674205480895975,0.0
2.0022705542855235,-1.0149046180752654,-0.15669771515098585,-0.3112111673537169,-0.07388152719587945,0.0
-0.8143359797062535,-0.9237880247893646,-0.25547414076732655,-0.13661737257390388,0.023688226758236813,0.0
-1.2075641876269403,-0.9016284247813795,-0.18526267498330928,-0.24001499175486854,0.012048847634162613,0.0
1.6384728340732215,-1.0085712646632305,-0.40623665885241755,0.06421316240052477,-0.02580415212935,0.0
-0.1371507210459176,-0.9242463822370599,-0.10839184691772319,-0.39029245004184066,-0.11491474885321712,0.0
-0.07102144933225504,-1.050390002504843,0.4222292074320556,0.5032931012745766,0.04562902326020851,0.0
-0.29213950549647005,-0.9316819063522543,-0.35600486057548175,0.009564008503617272,0.020238971953677964,0.0
0.35553424190087723,-0.9394689165543941,-0.0877452721253763,-0.34242013582613745,0.12046341217373152,0.0
0.2560241647254048,-0.933013721195978,-0.1790903032811857,-0.2844989386184654,-0.10674013006424815,0.0
-1.1410131604742653,-0.8867620987444192,-0.19434478096008034,-0.221851138901071,0.016373590111240843,0.0
0.06233425236994078,-0.9006260066578602,0.27370977777050615,-0.8852155839285722,0.04037741980770587,0.0
-0.2916023614650969,-0.91608008054467,-0.35475564388229186,0.011037772285083736,0.020164875143666494,0.0
-0.2897324309197664,-0.9116867919133533,-0.3491940334338215,0.007674423793138818,0.03150783616009975,0.0
-0.28961214171750194,-0.9094595931612312,-0.3488835074477572,0.007788933600870462,0.03178561009360453,0.0
0.8281965705747578,-0.91962401257582,0.07024456252217204,-0.6288378910657715,-0.07839551801922003,0.0
-0.28976448067872884,-0.9027587490859517,-0.34950808607245043,0.009263972205722892,0.029221157317585955,0.0
2.345681308146725,-1.000329286764894,-0.5777038863546204,0.2922301333488221,-0.10647095661143603,0.0
1.0197287633405907,-1.0233408709031104,0.9688882963172909,-0.2294567207110576,0.18014346829100206,0.0
-0.29082399307591644,-0.8937921712591318,-0.3529376342011523,0.013118852906328138,0.020131980907738573,0.0
-0.7469396171114977,-0.871014329665677,-0.2629147016563391,-0.11386203704871972,0.024793088597786977,0.0
-0.9242107830240696,-1.0740785370152595,1.3089198499412658,0.7839045370048305,-0.13828801804100477,0.0
-1.2002679916853254,-0.9528185888058853,0.5745439360560561,0.24944769736018824,-0.09527332368637374,0.0
0.49760112181228366,-1.0270408008635934,0.25121358867656757,0.714667491653773,-0.09036649175765249,0.0
-0.18330717895976487,-0.9751721555555841,0.6998345307617887,0.054785363665590614,-0.14347192620341265,0.0
-0.2886145885163802,-0.880484773804289,-0.34656353358897607,0.010525923480736832,0.031648001732154596,0.0
-0.8778065926210059,-0.8495014737939969,-0.23922023928145963,-0.14638401431445786,0.019013032288038703,0.0
-0.2879798008395389,-0.8738134509236606,-0.34480136898838354,0.010265518555440167,0.03429485965634063,0.0
-0.27186623501974305,-0.9788953553231671,0.44304269456436174,0.4711745054727966,-0.0022034330598391105,0.0
-0.28861345775435776,-0.8693262652125567,-0.3468311931584722,0.01242203745172249,0.0290623784389899,0.0
-0.2590102027771799,-1.0816233756839049,1.220954973342395,0.9396453688669308,-0.06078742316065825,0.0
-0.9203813034177177,-0.9429640743877749,0.5808969286641097,0.2835821169723398,0.024023260160574322,0.0
-0.7465212679138082,-0.8397860770549658,-0.2624052209576976,-0.10946830654399581,0.0203021360609269,0.0
-0.038311601210855,-0.9548124110316628,0.7179510006897821,0.06337154392360977,-0.05400478436179353,0.0
0.0647897679419325,-0.8293033743946175,0.2794204826536596,-0.8784783780704397,0.04003869153336764,0.0
-0.5990633874720828,-0.8164461348870119,-0.0380071086659286,-0.49006270512395994,-0.16834161623307609,0.0
-0.2564735654547283,-0.8484602495023641,-0.3551410086610709,0.026286090974986798,0.020594437129642568,0.0
-0.6818503027217463,-0.8226175290698763,-0.2772423110649306,-0.08677960339118113,0.011660974878723598,0.0
0.04506966322035194,-0.8084783798124779,0.219136775408236,-0.8315823312237228,-0.09518933645722692,0.0
-0.0744721104227373,-0.8177347029605133,-0.13143890602175212,-0.3480221807051487,-0.15749152238779174,0.0
-0.8753094006546873,-0.798265796406215,-0.23289520336610225,-0.14315618856814039,0.023617827395614965,0.0
-0.4225073904904805,-1.027642780482489,1.1449483197779917,0.9843820326439292,-0.28986226016962097,0.0
0.12226880218617338,-0.8176607079235196,-0.1664312151482863,-0.2947043496273278,-0.15342538351045343,0.0
-0.4034942993244557,-0.9127197508025608,0.46334501308412845,0.4479249921646593,-0.02339485074997877,0.0
0.10326740663922594,-0.825733020402426,-0.0018086225254299038,-0.19391114875119658,0.8810195801064581,0.0
-0.4831612303372995,-0.7980677875880906,-0.3069237602238798,-0.03358010659124944,0.022920407720578434,0.0
-0.2860056032211391,-0.8047044770245937,-0.3404959096506255,0.01768420470500276,0.03128810294067025,0.0
-0.28552428526754725,-0.802490818660418,-0.33909066410523003,0.017002724413572756,0.0339561313820024,0.0
-0.14280471552451582,-0.8043628144290119,-0.3273333806350198,0.026809794607044468,0.11354078030062686,0.0
-0.6756694593202803,-0.7782151376769776,-0.25958497083517273,-0.09281259440714118,0.04220989966700292,0.0
-0.2159349093495809,-0.7966652867336309,-0.33874294948493056,0.026948791531970606,0.060471285369242234,0.0
-0.2858293467677333,-0.7913208263239666,-0.3402867667893623,0.019573925917786394,0.029343308226458142,0.0
0.09737390740606641,-0.7680375573574607,0.37670475413746923,-0.9396871394436684,0.24124631803456362,0.0
-0.8588267755631389,-0.7422503863287921,0.014597954422735149,-0.5541352237921663,-0.17411597668862955,0.0
-0.28475693665129986,-0.7802024960781547,-0.33730606882924463,0.01910810124423923,0.0338502787962717,0.0
-0.5465154311445993,-0.7639563862338198,-0.28934095345814304,-0.05043839718369997,0.028351135063618,0.0
-0.21904874101228836,-0.7764631106354463,-0.348672739325425,0.03723160774195722,0.03518801632442939,0.0
-0.8087876569570116,-0.7476910088897756,-0.24293358583207791,-0.11885222946762836,0.019450742547297423,0.0
1.3100875710173392,-0.9089887340485082,1.0044468567144937,-0.20056414694591018,0.34439733401576655,0.0
1.7434989256901459,-0.8558823983759221,-0.7113850221850766,0.5674584113434977,0.0623336458725646,0.0
-0.28414305775830184,-0.7623718380123441,-0.3358783926084561,0.020792402708772362,0.033765596727687114,0.0
0.29260815769456927,-0.8670216838131045,0.6666498935644346,0.16051574458726592,-0.04764423973677034,0.0
-0.28416396654214526,-0.7512125028271618,-0.3362128809882603,0.02273710909860216,0.031034056734916604,0.0
-0.2840872316805205,-0.7489836705689354,-0.33603442146066187,0.02294764678166883,0.0310234714763436,0.0
0.045446049454451715,-0.7593361922924139,-0.3891540609268229,0.10644098814617586,0.05102396092869882,0.0
0.2985012116099771,-0.9819793031593931,1.0144044529463758,1.1884279781632439,-0.2879794566817022,0.0
-0.28378029223402157,-0.7400683415360301,-0.3353205833502677,0.023789797513935396,0.030981130442051252,0.0
-0.7426944138434817,-0.7171855422551919,-0.2537833185524204,-0.09702101221025594,0.01711429148930585,0.0
-0.2839437721703676,-0.7355987898185312,-0.33592472623378566,0.02490967814154199,0.028861538816289417,0.0
0.37122982289222506,-0.762852958081057,-0.45380569555723316,0.19934034504831644,0.044644307705100805,0.0
-0.244336454006415,-0.8393301175006852,0.5231034077988103,0.43439975772003225,0.14738915417262147,0.0
1.3563839804536577,-0.7643363812054274,0.1943677015617516,-0.6300022241381255,0.35209896359675874,0.0
-1.1535752717052943,-0.7941323446722984,0.6070000395410986,0.2547686494632334,-0.03954626357033947,0.0
-0.6757065114355049,-0.7067990216306729,-0.26143228616542424,-0.08057981737020331,0.025368687508683624,0.0
-0.8054387399607756,-0.8054282607674194,0.5050666495336171,0.3781741894287688,-0.11244921922745224,0.0
-0.9861291848671647,-0.6882364026933119,-0.1505818996800169,-0.20468901849417342,0.1298188583392221,0.0
-0.7412822673372963,-0.697153113026252,-0.2499893348475215,-0.09671699629862607,0.021796058970668997,0.0
-0.04651934736801003,-0.8116751265943241,0.6895933567013259,0.10577001447569168,-0.14153741924721217,0.0
-0.28214795135605863,-0.7044221992984595,-0.33123844489089405,0.02626638246850499,0.03349038000478735,0.0
0.20683685665822726,-0.8117384578065638,0.7209940507226432,0.11557145938325308,0.020772071354875743,0.0
0.16563413402992244,-0.7012521638589364,-0.14303435784766982,-0.289261935118445,-0.10987406639451658,0.0
-1.3246247756938723,-0.7552447919344799,0.6136955535874833,0.2325701512068834,-0.09892264253141146,0.0
-0.2825514036860032,-0.6932485168126766,-0.332732890478187,0.02905451441398721,0.028226143011717497,0.0
-0.5459826634873841,-0.6791713800842135,-0.2897857543144885,-0.037183620699053066,0.01217078354118882,0.0
0.8287712383375279,-0.7365866495953154,-0.5406980995699737,0.3315315452075467,0.03801322075971014,0.0
0.04552803457728305,-0.6990830917402248,-0.39036934055518446,0.11651270683319204,0.03756396549710889,0.0
-0.807828286633137,-0.6584585820782607,-0.24219326773405225,-0.10577857652180994,0.0050575453206931215,0.0
0.9761910376483646,-0.8431124924409731,0.22429547068633787,0.8274115335055352,0.005535571809189149,0.0
-0.03217281228087576,-0.7765058303735565,0.7322277628976658,0.08021455856894133,-0.054851605047639106,0.0
-0.3246067153982347,-0.6546316740286674,-0.05180593495176489,-0.4181352214685977,-0.12026170401789693,0.0
-0.4501182837243507,-0.6467099339732246,-0.011547379631915211,-0.46474303859583005,-0.0874736111159623,0.0
0.7030518949618786,-0.7813726682845594,1.0553528053532713,-0.3018046372247303,0.19132444463124795,0.0
-1.0635182158626377,-0.6312815228509634,-0.1760979995708689,-0.1868063381903286,0.03714329827561802,0.0
-0.6742683270864558,-0.6421333649474581,-0.2586437030903521,-0.07273878103112169,0.019850404309860126,0.0
-0.5254933381092375,-0.7531734545993168,0.5105675392925602,0.41939386513461463,-0.0026177286147893025,0.0
-0.8731725859858457,-0.6287359624529227,-0.23053644754917935,-0.11900857424337935,-0.0016502817862651953,0.0
-0.7861209373512896,-0.6115659661493538,0.021359287750624567,-0.529795881126813,-0.15601056323178839,0.0
-0.3463745295075673,-0.6457292672185627,-0.3168972747148464,0.015508430247866023,0.027440537969943724,0.0
0.7896701554464697,-0.6713000827987725,-0.2514638763803808,-0.11761496759779033,-0.09713909673058602,0.0
1.3778025259517213,-0.6955485106367503,-0.3621828686702697,0.04277039671134186,-0.0930754841962577,0.0
1.5208755833430827,-0.7163739609226345,-0.6530125492071823,0.5138201204778191,0.07082330284563634,0.0
-0.28155072057436015,-0.6307981618401397,-0.33121669090896955,0.03748042468798729,0.02032992766720651,0.0
-1.066029067203094,-0.5910165697357375,-0.18468737774205812,-0.17443547011971905,0.011184569312358159,0.0
-0.14842951422929354,-0.6300784606662527,-0.3486180000552985,0.06882952595594038,0.03584829730391051,0.0
-0.27770171125655374,-0.6220156781831648,-0.31976250828478925,0.030513079534583376,0.043738484783834713,0.0
0.6668503191933182,-0.6389304839870847,-0.20363978432612628,-0.16598053465772594,-0.05223475835600841,0.0
-0.4106793368892814,-0.6071187929521418,-0.30230535405791337,0.0015054638131712372,0.025540362987016813,0.0
-0.99757593854394,-0.5784532922403567,-0.18794767077805918,-0.16084505998378257,0.028621132148323652,0.0
0.0483383487738481,-0.5765031110857575,0.2234095213319241,-0.79929804721332,-0.12748510920025044,0.0
-0.15135474572297267,-0.6022055105430424,0.06275322891233637,-0.2438776426539379,0.874536007326509,0.0
2.2291404708948517,-0.6700455306892773,-0.10873591278062467,-0.26546443718235163,0.0492725944907047,0.0
-0.7368316453630613,-0.5678808420491248,-0.23963868224680585,-0.0845058106807608,0.021182113973431005,0.0
1.8946999200090937,-0.6461187005497161,-0.07082151378317125,-0.33585998453519605,-0.006329071281350421,0.0
1.4968584840648747,-0.6215543711653743,-0.014652600188883258,-0.42870671499928975,-0.04902976191938308,0.0
0.006159573783940053,-0.5712986113265618,-0.10346396113230949,-0.3214120961710749,-0.11387998887572759,0.0
0.22500536759644132,-0.5979346669206226,-0.48014846146715584,0.22498045040018022,-0.09600445568359063,0.0
-0.11918750504599337,-0.5589196200513916,-0.0628150723521087,-0.367623134141596,-0.08104010814113623,0.0
0.11280975412645025,-0.54098203856667,0.4179794771302836,-0.9349882498956446,0.29054262509542106,0.0
-0.2611233543922794,-0.6668588391714809,0.46802702842815813,0.5006497811021267,-0.0036853692600688492,0.0
1.1645620062276936,-0.5843176933118139,0.02943779973304783,-0.5015511499647232,-0.0935479456551391,0.0
0.24648936457555448,-0.5764233225007831,-0.4155463756637987,0.18141011047967825,0.04104791515292844,0.0
0.13803637423171147,-0.5504468468917869,-0.12512654495907916,-0.2839018570772389,-0.11126802537085068,0.0
-0.713100774610448,-0.5099055673179428,0.029778552595208896,-0.5110859342249077,-0.12908202357982312,0.0
-0.8700255742075751,-0.6262094664675065,0.515387689464901,0.3887154799732412,-0.1488897850518119,0.0
1.1026930520977642,-0.5658839675545845,0.0519037287324291,-0.5243421372487695,-0.07465352720969591,0.0
-0.27717996337227135,-0.5372302587368334,-0.32024072354628874,0.04379215222865229,0.027485174911602572,0.0
-0.2770264936490219,-0.5327725942203808,-0.31988380449109166,0.04421322759478552,0.027464004394456454,0.0
-0.3850969404467638,-0.5068104659119852,-0.028304016578883262,-0.42194216551778396,-0.12231923912902332,0.0
-0.272281451870374,-0.528487136672727,-0.30560421662172754,0.03451088236838307,0.057842146295170094,0.0
0.11285767802408288,-0.5414165149048605,-0.40056043869839897,0.15726204993653692,0.013851870249436987,0.0
0.8678445524898845,-0.5731512191480949,-0.5314541663794312,0.35441107753694645,0.042257417194078495,0.0
-0.9305588683825778,-0.48995800854596805,-0.19740581331045348,-0.1311779243221446,0.01891687050445369,0.0
0.0032416214678440414,-0.6341050807285963,0.426772556427058,0.5728034244390248,0.007660761267549235,0.0
-0.3783321611104107,-0.5079050151856119,-0.20666130942111305,-0.05272558003471617,0.2163625566379034,0.0
-1.0619950376824216,-0.4751189356544704,-0.17527462026739282,-0.16358411695676522,0.010924232162203243,0.0
0.850535929710765,-0.5209857246916414,0.1282775125768355,-0.6101212005437243,-0.023327179143430493,0.0
-0.5398542683482335,-0.49416927900626284,-0.27570316136967155,-0.019178525765472743,0.009699283108928078,0.0
0.35707182317006425,-0.5132699353223115,-0.09343855610881702,-0.27328337952459186,0.031586449449533094,0.0
-0.6701320296412129,-0.48383707262230324,-0.2499509820063317,-0.054898199649808355,0.010413333117497911,0.0
0.008845293940805993,-0.4932894822886401,-0.09721787766636036,-0.31404327726374237,-0.114250472925785,0.0
-0.2793088830835512,-0.6036889050793205,0.41136636188103465,0.5513771274235086,-0.13860728292206514,0.0
-0.340664099988374,-0.489723722937216,-0.30337721703392506,0.029498670382213543,0.028943907678050274,0.0
0.8281105552596144,-0.6276947719803331,0.6004475359402067,0.31950952701011126,-0.020566318150029114,0.0
0.0027463144599852163,-0.4796704787838554,-0.11603664737815067,-0.29831802174743416,-0.15774157364559455,0.0
-1.0602870927048567,-0.44840246975040554,-0.17074636271092458,-0.1627931082901145,0.016008519759530895,0.0
-0.18697480032860783,-0.4666174902269177,-0.0600840542086436,-0.3648346561447635,-0.11844363490600018,0.0
1.2315960639131966,-0.5470937018529237,-0.5869611614198915,0.4498442377741526,0.06391961487807543,0.0
-0.2747255785623022,-0.4770661350653229,-0.3142623590936393,0.04863324411579928,0.02973206993042904,0.0
-0.6636245899736132,-0.45506890162791935,-0.23092380557055014,-0.06430931448098504,0.046754899657479865,0.0
-0.7169744431041513,-0.43165042832459444,0.016135109183776475,-0.48925508589966676,-0.17288009679825167,0.0
-0.7671979932980477,-0.44598392175095225,-0.22942101547388927,-0.07797797457658584,0.008200314283086527,0.0
-0.7757395757844698,-0.42449166243159797,0.04828360419533129,-0.52078793339996,-0.13084317145090357,0.0
-0.20895065827476253,-0.46217070113043657,-0.3256977938905419,0.06850824429032387,0.02891846005710566,0.0
1.9104768746117704,-0.5364571000005725,-0.4350086645568192,0.19432944283796727,-0.06605076919256964,0.0
-0.3889706089404672,-0.42855532691863674,-0.041947459990315794,-0.4001113171925431,-0.1661173123474518,0.0
-0.27471205486095196,-0.45028611986957234,-0.31487196412013607,0.05316008422168417,0.023598142693783214,0.0
0.9579007442785313,-0.5911427777558033,0.5720783580556742,0.3642783416525771,-0.035399487122512105,0.0
-0.7160536247646544,-0.40490444122587854,0.018276623514959067,-0.48672863370286706,-0.1730071199011285,0.0
0.2053721507967959,-0.44410983468359344,-0.13405203998016724,-0.2518996286272619,-0.12301121059588188,0.0
-0.25972359532484957,-0.5463989863427049,0.4693436560351334,0.5180685721338247,-0.022423602323927594,0.0
-0.25690293700291866,-0.5442730649690327,0.47784230244607817,0.512229353670792,-0.004267558481587663,0.0
-0.060966774776782945,-0.42546022551267904,-0.10003002916440795,-0.3109675484854194,-0.159354527896652,0.0
-0.6680812183633745,-0.4147309721195156,-0.2454132129946458,-0.047648430003847,0.00791381064331427,0.0
-0.14391817952262895,-0.43608887091527104,-0.33965556502376093,0.09191877409064808,0.02059627538249109,0.0
-0.4697115995669404,-0.4169497719291593,-0.27541270466065937,0.0016987357422511562,0.023281707963002135,0.0
1.613678208021026,-0.5916390717185669,0.4553778411246941,0.5419342660176245,-0.021842162445193256,0.0
-0.2743481585746492,-0.41682411480152615,-0.3145818144314436,0.05805359299783275,0.01822805311498253,0.0
2.282675620153635,-0.48954448917060234,-0.16129716531564064,-0.19050401194058358,-0.07095460129648168,0.0
-0.12345188327901077,-0.5234803429235603,0.46095320506988013,0.5462687057043298,0.008767026423698351,0.0
-0.27226893222828796,-0.3945849942103482,-0.30881931377998195,0.05726656394491747,0.026807718362926114,0.0
0.7733431929714427,-0.3975782593001269,-0.10871580621237409,-0.419423000876062,-0.5624008887941779,0.0
-0.271961992781789,-0.38566966517744294,-0.3081054756695877,0.05810871467718404,0.026765377328633877,0.0
0.39914406441954675,-0.39482686289726765,-0.17923980358247427,-0.18368192763525998,-0.15001153571669446,0.0
-0.47161031469334613,-0.47672192149696746,0.4567297593494598,0.5099153239863073,-0.14284250564638484,0.0
0.06948086362022715,-0.349661620956188,0.2819881327080603,-0.8071811232588764,-0.04040679956291027,0.0
-0.48819292672959225,-0.3604638745121237,-0.33280764505935223,0.05193908930861224,-0.11204272581495868,0.0
-0.2711946441655416,-0.3633813425951796,-0.3063208803936023,0.0602140915078504,0.026659524742903173,0.0
0.8420846734780411,-0.409024570722227,-0.5082987956809992,0.35799735549879164,0.04991974039166397,0.0
-0.15130847800644495,-0.3434707433299944,-0.1654179095044852,-0.26035009947139,-0.3434903797577449,0.0
2.1519514340072856,-0.45905146832873356,-0.7456259391501272,0.7086773752014202,0.0772672654349092,0.0
-0.2703841048152127,-0.34778977048253745,-0.3042426682201632,0.06108507790317863,0.02839548984942933,0.0
-1.0517250858667926,-0.3103575555145206,-0.14814594641093326,-0.15812774900236942,0.040540235445655826,0.0
-0.8590188232600859,-0.3168273714780584,-0.19520955970914444,-0.09705355391136167,0.019450128381058113,0.0
0.057436374381835076,-0.31796594943016576,0.24470751233967686,-0.7753095368601266,-0.12741017151967543,0.0
0.0594335714404744,-0.35368953804827363,-0.35660839367465447,0.14471083252663752,0.049241623464439305,0.0
-0.1347262716623718,-0.3427017851292036,-0.3140607954062048,0.0876009100091506,0.059670800665639845,0.0
-0.6626824937431424,-0.31673820254701424,-0.23142865485347563,-0.04284370485904426,0.020837653558491376,0.0
0.8003363012123086,-0.3614923989053124,-0.22665800204418285,-0.08835022965152695,-0.0986104476722427,0.0
-0.6629115675659941,-0.3122661907299611,-0.2322316930057674,-0.0415792039372585,0.018283786041045927,0.0
0.4074473249014555,-0.33488210138281227,-0.15552634580380098,-0.19173633813947355,-0.10904112798821482,0.0
-0.5287625150049702,-0.30935332874138477,-0.2465705612272775,-0.012116559251835413,0.04008857084859058,0.0
-0.5311893676034947,-0.3070305994033711,-0.253983536318238,-0.006386154180541503,0.02350254335623364,0.0
0.06279541625566704,-0.29361812816219546,0.2603609262835001,-0.7829481264353282,-0.09763453118760597,0.0
-0.5655238887971016,-0.30103378312641815,-0.2529789361701379,-0.010854870014676166,0.011217093811294501,0.0
0.07031756201560604,-0.28720511573476537,0.2830070941053433,-0.7983936622494286,-0.04938870463663043,0.0
-0.2691995377632983,-0.30543170388129504,-0.3016809326760401,0.06568807126758314,0.02638430802000341,0.0
-0.23547488770919486,-0.5178833873278371,1.2786022213524233,0.9838246203589311,-0.03617907075337387,0.0
-0.8786820923440486,-0.2736874065152839,-0.2558631052299406,-0.046485603207430504,-0.12058782865398511,0.0
-0.11690999167038982,-0.2867363937959182,-0.06252369901265808,-0.32631854503612445,-0.1292333059888915,0.0
-0.2681054716787311,-0.2965458960430408,-0.2985803513403601,0.06479477846970072,0.031553277685915565,0.0
0.041486268637135726,-0.3892104885515778,0.73564450964653,0.14612017008844858,-0.09007660332874624,0.0
0.2714613854112022,-0.27118292208380357,0.4714317642500519,-0.9139819079953728,0.4123364199863049,0.0
-0.2678194410160756,-0.27647123182495315,-0.29820100160977014,0.0675816355917972,0.02877939665885282,0.0
-0.398731101628246,-0.266115251038901,-0.27437094612386037,0.03325957223040832,0.025296604450191135,0.0
-0.3455202878742345,-0.3538939704582851,0.8243961018430803,0.03128348732754638,-0.06363617388589521,0.0
1.590921260309301,-0.33232000338256673,-0.35635145394058587,0.12187327277245985,-0.06511246485699071,0.0
-0.6618446645857409,-0.24312318873385946,-0.2306773530256887,-0.032160129878610944,0.009270125191606401,0.0
-0.3326835531772149,-0.25569346242717195,-0.28487127631000564,0.05177404360781224,0.02732522128639142,0.0
0.015503952808754717,-0.2502828035535591,-0.08293706614623797,-0.2873345421608221,-0.1266954392940261,0.0
1.8896008432918794,-0.34458790309940657,-0.7018417683255056,0.6571440626262481,0.04502867887817599,0.0
0.4104610144908499,-0.25688527284266205,-0.1482857859939828,-0.1850906207030364,-0.10724023257985366,0.0
-0.23324957672207738,-0.4532472518392735,1.283777547652781,0.9899302131678638,-0.03648604325199292,0.0
1.2134671449761691,-0.26503129155844035,0.06469877813210789,-0.4737681598248359,-0.06051395668639324,0.0
-1.0325299809530457,-0.4106787981745511,1.385369508740789,0.8110293666124542,-0.14414965592781398,0.0
-0.2661312740603312,-0.22743692214397385,-0.29427489200260215,0.07221346461926337,0.028546520970245293,0.0
0.8476293615368433,-0.27086649190684564,-0.49484756174460354,0.3693152483187745,0.05447476506033813,0.0
1.1997083165636921,-0.24641590570183958,0.12776815414905274,-0.5213234874547052,0.060313864264522815,0.0
-0.11221189101787685,-0.19987589831350222,-0.050392500448195654,-0.32186770304518153,-0.11835495788946471,0.0
-0.308569129318664,-0.1888057320593642,-0.014507893683668782,-0.37413284570766925,-0.12247402305966842,0.0
0.4117655071384705,-0.21899512445281433,-0.1452519740248075,-0.18151148009090345,-0.10742018197559589,0.0
-0.3738936506495517,-0.18140095621094093,-0.0022489255494956284,-0.3912036637900541,-0.12386468688069147,0.0
0.6738309410782691,-0.22632590526424406,-0.19250325128551493,-0.11112283093069775,-0.10196337927723448,0.0
-0.24719478839455952,-0.3080758879863441,0.5015324988220957,0.5310754610155581,0.005033025510076103,0.0
0.6536465220716932,-0.23756827550952392,-0.45230542561913256,0.31561228527956564,0.06088960665065471,0.0
-0.5888827106489117,-0.17939968018382732,-0.221512890043577,-0.01977710917824116,0.04462985618130441,0.0
0.0861914092527419,-0.16951982396853815,0.3282665974473529,-0.8132668179991316,0.028219937162064834,0.0
-0.4387079681048358,-0.2860288472107645,0.5518342815012347,0.4700288267642262,0.03039179468149933,0.0
-0.2664333268521819,-0.18502309984643353,-0.2962209188299687,0.08009413233094276,0.016692910331699742,0.0
-0.26038754831853916,-0.18301813664764557,-0.27794298984395294,0.06714422324371272,0.0562014312163443,0.0
0.5437190424478667,-0.1959145277598132,-0.16673609832397873,-0.14379070331400085,-0.10481880372929203,0.0
-0.26440992658360196,-0.17617214669866424,-0.29030238932630126,0.07715185920513101,0.028014700830986755,0.0
-0.2643331917219772,-0.17394331444043798,-0.2901239297987027,0.07736239688819757,0.02800411557241375,0.0
-0.010162305434475077,-0.26850140907047254,0.7866068943303736,0.11826264621920124,-0.02737296582592573,0.0
0.19214406707586154,-0.18557616814931083,-0.3793213935158313,0.20544456767742292,0.023144164889894098,0.0
-0.24746454902307555,-0.270126697207194,0.4997928243406993,0.5381254886879892,-0.005569545286075228,0.0
-0.13456766737952966,-0.16640262776943934,-0.3178630669155631,0.11724921344753292,0.019749734986833273,0.0
-0.26542475387812736,-0.15604869378621639,-0.29386753056603365,0.082806826001387,0.01662826032005256,0.0
-0.26398156717281596,-0.15387111032190454,-0.28954568479933895,0.08000463371611488,0.025664510437034604,0.0
-0.0586607267679887,-0.22691984873922658,1.2583885862669515,-0.476198372167586,0.21310191395942998,0.0
-0.9253321344480572,-0.2241677089436422,0.5484268206599229,0.41676792009816677,-0.17575085449079428,0.0
-0.8521894205754841,-0.11846130049591513,-0.17932666175287393,-0.07831570011843042,0.01850804036805488,0.0
-0.6575475123347554,-0.11830858227318501,-0.22068361948017012,-0.0203700196268789,0.008677350711514528,0.0
-0.7968444330222676,-0.10763811220051335,-0.22227953957323,-0.036204403061590396,-0.05032153438642605,0.0
-0.8523738092956734,-0.10283241359323386,-0.18026529301619598,-0.07525111310099392,0.013656908749522564,0.0
-0.0005361576879808205,-0.1344731247314981,-0.3332631808474471,0.1519073930138668,0.034034221274305054,0.0
0.5880865578070398,-0.22707746571655324,1.1143065554744178,-0.2786328611434925,0.16687334518043576,0.0
-0.2623712658407189,-0.11822414149088373,-0.28553037515027335,0.08252981108952884,0.02802784330016489,0.0
0.4150651061883343,-0.12315533734908216,-0.13757821433807005,-0.17245835971903783,-0.10787534809423788,0.0
-0.26250144405389386,-0.10929241835454877,-0.2861419751109878,0.08433571146220475,0.025091487723692407,0.0
-0.8314870095772515,-0.0626041535430176,0.08096182646672068,-0.4985984481075852,-0.15128792705239308,0.0
-0.7204424347343295,-0.08198269596128821,-0.20176239597934587,-0.03786119809191507,0.01663018979628049,0.0
-0.2687010677293328,-0.3135516108024746,1.1729192386055423,1.0916357898497742,-0.30335345088563814,0.0
-0.6546575042336932,-0.07601447826035349,-0.21295060694792778,-0.019527153911130413,0.017957342065865065,0.0
-0.06512562256595592,-0.10031539478242128,-0.31942596978325866,0.1377725918013969,0.031286665025156896,0.0
1.1047211863289144,-0.13161737985474423,-0.15138857008946183,-0.07063660137631372,0.13153719603433,0.0
-0.4418640826881469,-0.06007972523754799,-0.0007780483851780318,-0.38307503061813175,-0.1692227880573121,0.0
-0.10875631831634633,-0.07279801820084172,-0.04300484113791192,-0.3078423709918757,-0.1250381801117017,0.0
0.4591910072002252,-0.1149839234072183,-0.4133652529035061,0.27814032544869316,0.043430139747128005,0.0
-0.39161817220940576,-0.07445494433114569,-0.2574656790053489,0.050233146830128916,0.027787520996574028,0.0
-0.7177843738970884,-0.16424284947198045,0.5447394039306209,0.4565114732835468,-0.11413886565119238,0.0
-0.24355357500863092,-0.18323668053012696,0.509537279679876,0.5443117742090811,9.74921131470935e-05,0.0
-0.7826488637299656,-0.050146052003722685,-0.1806450718637379,-0.05762979801916723,0.030178564743844533,0.0
0.30297024805060147,-0.18450699288499395,0.6814794552548267,0.2538643344414755,-0.13773850719687178,0.0
1.2449281518140807,-0.13695904514462756,-0.5565113515670448,0.4903186149885639,0.05676061660042614,0.0
-0.7191925162002815,-0.04409050076861147,-0.19889406487379047,-0.034161733395025096,0.016088922858657415,0.0
-0.2603761594384757,-0.06027450277699916,-0.2808904274327112,0.08800379084926158,0.027752626577265016,0.0
-0.2630215708668372,-0.057943576387270664,-0.28896612155922596,0.09421607074076022,0.009719591813818013,0.0
-0.1408725368254802,-0.04034955621121336,-0.14114741375108297,-0.2317169745743265,-0.3449299749236824,0.0
0.787655250533658,-0.09851582845190271,-0.4703770649120069,0.36854732025421666,0.05012941264648946,0.0
-0.2595879020383849,-0.049145515379918216,-0.2787713437769215,0.08816446129009814,0.030378313984304933,0.0
0.024575940573877825,-0.03637886935224234,-0.06063367450865842,-0.27088305223508047,-0.11642045093326425,0.0
-0.2596088108222283,-0.03798618019473582,-0.2791058321567257,0.09010916767992805,0.027646773991534423,0.0
-0.7183043736018514,-0.015111577965612664,-0.19690584832332403,-0.031183516864468075,0.01522694230987913,0.0
-0.19403192415841433,-0.03647358020742461,-0.29081644304412446,0.1081424605793363,0.028633779236384244,0.0
-0.2609195577903196,-0.02677846961191838,-0.2833513971016981,0.09489768753449535,0.01637563286469544,0.0
-0.07516748887896388,-0.12051086738127106,0.7964184535630159,0.12441020625894961,-0.05932257911342533,0.0
-0.6608825262840493,0.014819593855251674,0.1753205408708498,-0.5366015939943033,0.0942433190724622,0.0
-0.2593774754753315,-0.020141174828324736,-0.2788381131434262,0.09263689470011349,0.025029394922650494,0.0
0.003398350240910425,-0.029730309092631933,-0.3238811067064462,0.16107956264710366,0.03570809357978935,0.0
0.07008272968217247,0.00738943808068453,0.27513829928208855,-0.7477526816043366,-0.1194015496543019,0.0
-0.2407490600180813,-0.12085397829533233,0.5165230991403735,0.5487606263931561,0.004143863789938293,0.0
0.8419847950487059,-0.14839743247950138,0.6308605236229415,0.3705599406366029,-0.04021318441058745,0.0
-0.9808915499253601,0.023482713603340158,-0.15199565735604148,-0.09510573746377521,-0.0009448550049533794,0.0
1.5844025478568484,-0.15799746605703507,0.975904917126017,-0.0280778034712591,0.2546229356540213,0.0
0.08510597507156538,0.007725506693966783,-0.08867760038544659,-0.23450783802425457,-0.15870083722779293,0.0
-0.7776122786519095,0.0322383282155835,-0.1673790778386689,-0.05468468360070078,0.044335152548045265,0.0
-0.4581817139090165,-0.0866762763073596,0.4879601766792054,0.5467594185229698,-0.144694925896672,0.0
-0.10446166999377807,0.025236159767357026,-0.03236808816074255,-0.3006033970554506,-0.11942406900534475,0.0
-0.25719860633500313,0.01548446985975968,-0.2730987793046291,0.09390850336358314,0.03115703121489513,0.0
0.46425516865461647,0.027596918478708564,0.20675981677740712,-0.639222180301095,-0.11136453922678281,0.0
1.6533763114202358,-0.021382116709883783,0.024305304877296874,-0.346797029341931,-0.018119239388118866,0.0
-0.22906908754752411,-0.07665783180866538,0.5508550231230529,0.5306032483943988,0.071100742233413,0.0
0.2058753852984644,0.05041144031911762,0.26480728363244743,-0.7150788398004302,-0.09605019593433758,0.0
-0.25659524243501997,0.03777894269090851,-0.2718114222005782,0.09637543092969725,0.029965488899955123,0.0
-0.19144509961122516,0.03707583751121503,-0.28476179776975263,0.11496988003577868,0.028645783245353773,0.0
2.4947635050874943,-0.043704042488342774,-0.16059756892246568,-0.09507864424943396,-0.06900551413375722,0.0
0.13505823381252857,-0.041500568736462254,1.209732980091287,-0.3847009151182027,0.15411506551463003,0.0
1.3306457674710432,-0.005921795707174212,-0.3114258018616205,0.10183835347585557,-0.13288158436702058,0.0
-0.2569986947649646,0.0489526251766914,-0.27330586778787125,0.09916356287517947,0.02470125190688527,0.0
1.3819445966136596,0.015312179188062575,0.042451103530522505,-0.39159868214197524,-0.09232924133395644,0.0
0.13680984792117662,0.0356981005066693,-0.3419744999812451,0.20280055540227238,0.03810835191320497,0.0
1.3479739530324928,0.021541027449545613,0.1497820101385795,-0.47779800084196195,0.11386397106983434,0.0
1.2066328483214617,0.01087057829247172,-0.266839879188294,0.053445225576244315,-0.09224590809926858,0.0
-0.2558278938187726,0.060067265273171855,-0.2700268269245928,0.09848080776036361,0.02985963631422442,0.0
0.39640499612399693,0.03292338819386306,-0.39682466893770796,0.2793950916957748,0.026172948427071602,0.0
-0.13680558915936894,0.077778553474782,-0.13168905878836001,-0.2205584773717944,-0.345490993628055,0.0
1.9063056690781308,0.007337114339882173,-0.051516072408096636,-0.2501897707723638,-0.0814473917129529,0.0
-0.2563736748968476,0.06901457560028265,-0.2718986273082582,0.10120302231695844,0.024171708688043914,0.0
-0.25746648901720626,0.07351898200826638,-0.27532071835976346,0.10437188327249425,0.015899296228907275,0.0
0.40109621097336245,0.046137705321970715,-0.3829251669362055,0.2713303088196237,0.05412023188923268,0.0
-0.42747235221785995,0.10675877774131526,0.03879455843362356,-0.386326569282105,-0.11283644434408147,0.0
-0.6432385286421918,0.09986235872912858,-0.1826089254574228,-0.014705527133883012,0.052587550160617835,0.0
0.1403103749180804,0.10518250835462428,0.48564436163576713,-0.8855019453406447,0.32221497144392774,0.0
0.3084184232259581,-0.026259902550924506,0.6941500817143234,0.26881250993920713,-0.1384900605555597,0.0
-0.19549727201719955,-0.020383836413521646,0.4407966866296553,0.6283140959649902,-0.1522543959398524,0.0
-0.6490100434704024,0.10900566026752881,-0.20032631411376045,-0.0004617029806291417,0.012301730795779467,0.0
-0.13565456623499786,0.11121103734817694,-0.1290121658743818,-0.21740041212579475,-0.3456497725066511,0.0
1.186069136881492,0.03534979661789282,-0.5286596351652935,0.4870921419229616,0.05979795434520055,0.0
2.041393779467001,-0.0008851145620859778,-0.670975754634795,0.7058031463447498,0.10429874937557507,0.0
2.0470611781186174,0.0457095642966298,-0.04669017614857718,-0.22921738728055935,-0.024201347924512936,0.0
-0.1230302750315044,0.10766501680666257,-0.28954789642017986,0.1385174990509993,0.03234457671622451,0.0
-0.2260764279441592,0.01026662626216146,0.5578149446993962,0.5388142180339976,0.0706879171490633,0.0
-0.7142009943020475,0.14095423875481353,-0.18825872472736116,-0.013650079522733005,0.006090552671734736,0.0
1.8531098836325115,0.06561633639793657,-0.003727082672894011,-0.28526822862451107,-0.014465925595130227,0.0
-0.7118717853489912,0.14756201234375593,-0.18135869754380352,-0.017646315887263786,0.01995562542989429,0.0
-0.2366353009926285,0.1285304630392434,-0.21351135953370814,0.06793666668791676,0.1408503011655283,0.0
-0.23479816739055095,0.1329249817203371,-0.20804919671962474,0.06464562834306142,0.1519761242361197,0.0
-0.5157210965164456,0.14988985393124357,-0.2181949142356312,0.03735255202483667,0.01959546178201954,0.0
-0.9717162901764023,0.17266317878191667,-0.12780680997734917,-0.0898938607903238,0.025053900009199298,0.0
-0.7121217679556864,0.1631933593459915,-0.1824962240758995,-0.014437108575648228,0.014670217919678333,0.0
-0.25401604537469624,0.14480429948146986,-0.26659317003984884,0.10891548850851851,0.022147664679627588,0.0
0.34050070929192755,0.12031642523367597,-0.3579532880294449,0.25522467034461216,0.06848021830331477,0.0
0.07599131402727749,0.17900952196411193,0.2888796829071766,-0.7315412800082051,-0.12021661456442825,0.0
-0.21447269962048823,0.15671148699320908,-0.1470142470902175,0.024009315485606586,0.28083962622187797,0.0
-0.2562208748788354,0.1614916799178513,0.14723356645379437,-0.20727861730831537,0.8681980328039116,0.0
-0.1876072257679656,0.15967595901426362,-0.27610648095932144,0.12739287816009637,0.02553089702353567,0.0
-0.25222135532240975,0.1648223814098094,-0.26163922912746107,0.10837607886449585,0.029362129161290246,0.0
0.5995101809601893,0.16660262364479858,0.19246718759123532,-0.5890349309158467,-0.11387349128895755,0.0
1.8615597102525492,0.005947423077365007,0.9702403611187318,0.03827540610000646,0.32006329827797586,0.0
-0.5153572002301428,0.18335185899928982,-0.21790476454693886,0.04224606080098536,0.0142253722032189,0.0
1.3402885752411522,0.1401099082524802,0.12360469758563553,-0.4407281747719518,0.03549460940427451,0.0
0.2874485325790822,0.17050425658148236,-0.110642363997287,-0.16582075608256874,-0.15540742222628862,0.0
-0.20951848324299563,0.17661107084621863,-0.13247991887153265,0.01650383551156598,0.30897229185416164,0.0
0.4557160468236101,0.06096480971978656,0.7176203374702732,0.2837148206892256,-0.04934047647113273,0.0
0.009899904695169992,0.17087976804178845,-0.30904653524037407,0.18091997209759814,0.03207680660830797,0.0
-0.644726536122953,0.20480854587794703,-0.1896691253954158,0.006422112978550276,0.018360703052393068,0.0
-0.25354187009922546,0.1894207195355899,-0.26623971819341297,0.11546446308613878,0.014914586891424012,0.0
-0.25337738060304305,0.19387797075531743,-0.26584938473306197,0.11586124224285,0.014966374724080647,0.0
0.5665406942789839,0.15921666256999686,-0.4103031524535685,0.3317077180640543,0.04112129113952362,0.0
1.3358637380615257,0.14563879785221617,-0.29929055398491944,0.11615491592438731,-0.13360138194998927,0.0
0.469013069488192,0.1703066056457518,-0.3905224333708921,0.3050891488812234,0.04207522664977509,0.0
-0.2528402365716699,0.20947979656290175,-0.2646001680398721,0.11733500602431657,0.014892277914069177,0.0
-0.11789342117737686,0.21013102824599428,-0.2764658240656881,0.14465903526467738,0.042497414168114284,0.0
1.191342472934728,0.19354476480917546,0.09172017486494044,-0.42807349857446464,-0.09724220089714035,0.0
-0.2332262913400732,0.22436614669691912,-0.205505842538656,0.07674856040909173,0.14111950723421482,0.0
0.19572245414767966,0.12847406150332713,0.7696900219761413,0.2190106889718193,-0.05508308115096696,0.0
2.4346718512148335,0.15766326201596512,-0.137188317800243,-0.09065103743308095,-0.080871165067679,0.0
-0.6552612249712304,0.17347300559362377,0.9249520385856265,-0.007752312809716166,-0.07291824987708559,0.0
-0.09421825530035868,0.25694984118827313,-0.006946410517797097,-0.2836968781656981,-0.10554241763385593,0.0
-0.12754347500948346,0.2676179032195517,0.10223312966126052,-0.37055977370589477,0.10388669344041662,0.0
-0.24965455120141364,0.25622623159635216,-0.256079031509731,0.118285410308418,0.025092608884443812,0.0
-0.644031035713682,0.2761971875324296,-0.18929517836400134,0.01703977057009598,0.006369484052397581,0.0
-0.6425112353489321,0.2783718976004621,-0.1847410229233788,0.014068661781222846,0.015912968410866132,0.0
2.3059262832259315,0.18579168507197563,-0.10722392845328121,-0.12671109397139074,-0.07416193464412174,0.0
1.4200410048650811,0.12141827701990121,0.8918013624104643,0.0569164387705976,-0.032555333877426484,0.0
0.2963078128012793,0.14073173492505112,0.45449208001741687,0.7081243421165191,0.036327243491153266,0.0
-0.24924847374086576,0.27406468325755073,-0.25528145550041814,0.12042786886491041,0.02363214079100534,0.0
0.5369466973165071,0.2409138322315296,-0.3967676277130441,0.329697702374542,0.04258817217925409,0.0
-0.09401834373032011,0.29041799650520483,-0.007153499001039232,-0.2784418186541017,-0.11199819694186582,0.0
-0.24823114251792325,0.2807216588375786,-0.25235933369233665,0.11932403838396133,0.02881169571549061,0.0
-0.2481544076562985,0.28295049109580483,-0.2521808741647381,0.119534576067028,0.028801110456917495,0.0
-0.47476746854260743,0.08222821058784278,1.3804839626302015,0.9642326643040058,-0.028817620131558225,0.0
-0.8377074405122515,0.3139473314940435,-0.14593229941655284,-0.0365793716290051,0.013775886504974355,0.0
-0.25000104669155443,0.29194659011727586,-0.25799716551872587,0.12512490029778234,0.014500623346865596,0.0
0.013627499549261513,0.2823254745587632,-0.3004545205876864,0.19168750442044435,0.030824908595892736,0.0
2.124975964622661,0.2083420812305277,-0.43426292371829667,0.335321295361537,-0.11763321368068182,0.0
1.7762399517027498,0.03236861665787964,1.6578714909328278,0.5826103322143577,0.01458543748357484,0.0
0.6043766482036965,0.30032271874016137,0.20397034032224332,-0.5769811511085644,-0.1127715032366069,0.0
-0.24825092053974415,0.3030395026144932,-0.252961481641637,0.12316485874477678,0.023494532429555404,0.0
-1.0331229516896985,0.34060414966171537,-0.10757168994103916,-0.0882627684845228,0.012261338224664256,0.0
-0.819689020947193,0.33335694223902856,-0.09178439830672469,-0.07288858635410544,0.12840241293211926,0.0
0.29861201292713585,0.3039881821196353,-0.0800452654639926,-0.16765052451647844,-0.1126149485723017,0.0
0.8751177314736763,0.19314377152100662,1.1323471694413465,-0.19038174272642833,0.23804481733542668,0.0
-0.2337764546983002,0.20694591348146785,0.5296955951875209,0.589206591282105,-0.02593019847538898,0.0
0.014580610052093074,0.30460683013908874,-0.2981066539105335,0.19338331657799546,0.03194892533541033,0.0
1.6427410641625897,0.257139697261362,-0.21358995011553983,0.10824801757916014,0.14053486962932715,0.0
0.6412645723164465,0.3234880488755807,0.31522634531703886,-0.6541340882462378,0.12574666139928847,0.0
-0.24488147243140282,0.3274619436221434,-0.2433409589902611,0.11991289193261512,0.040097716415074425,0.0
1.155840756167623,0.28776724942193943,-0.21707568671279143,0.050279843610596564,-0.06017531687293613,0.0
-0.6391807173021283,0.35412513328506035,-0.17648555102851637,0.019636119769518734,0.020330104427902645,0.0
-0.24623603611567998,0.3386712975514632,-0.2477193859747745,0.12479801814369407,0.028536478992590736,0.0
0.20975966232419477,0.32036137416940325,-0.3382143949446399,0.2528027608510137,0.02204413886885856,0.0
0.9959769941296198,0.2894414022044375,-0.4796875884932872,0.46240345612846856,0.04062826745665346,0.0
0.5270258873612278,0.22740895001301703,0.7192812124887865,0.3172075780508087,-0.048775462818809116,0.0
-0.040246126960639034,0.36427941563257094,0.15405243458088724,-0.384087366889521,0.22637709977994439,0.0
1.1082944234593672,0.29540476970236584,-0.560279016957653,0.5403798167527725,-0.0826256808167343,0.0
-0.24771002061574518,0.358811971160791,-0.2526767940959235,0.13146532699920366,0.014110107239870731,0.0
1.53428617809046,0.2126056905038298,1.0254409086836336,-0.01678470748454558,0.269385144594423,0.0
-0.24571980086815023,0.3654324585442299,-0.24680465766138882,0.12821648831499044,0.025730842189808756,0.0
0.12486764992623665,0.38918888337820723,0.4319329384316374,-0.8032294666264129,0.15410870119860284,0.0
0.8024861088132624,0.3227211678551024,-0.43565373785201267,0.4076158408829168,0.0503001782345979,0.0
0.541780532983838,0.3745764716882718,0.22287591353140274,-0.5886758706111139,-0.11165693151887786,0.0
0.2949836688345962,0.24344006617047817,0.44798296839768764,0.7285109773068368,0.003703905612197439,0.0
-0.11438014445175207,0.37068239717142026,-0.2697164581813484,0.16425296362735986,0.02841690250469714,0.0
0.02855064320351361,0.4044511633891411,0.35005313721227016,-0.750829411630354,-0.05402904283958578,0.0
-0.24717162462016337,0.38780401121461305,-0.25174908711855915,0.13521465893832363,0.010932567636634735,0.0
-0.22843430334013984,0.2826237028329358,0.5440507871851388,0.5903388340885167,-0.008194689412196476,0.0
-0.2451815260747545,0.39219279294354636,-0.24582310053769518,0.13158636606744245,0.02307112208663259,0.0
0.21402827280389916,0.3737623246833274,-0.3265722413376435,0.252504714359987,0.037858300655402216,0.0
-0.35743235786415406,0.2996030443987062,0.5735206694316554,0.5529368485465156,-0.0005639809124064615,0.0
-0.22847170510666745,0.423650869834559,0.0029553599771722228,-0.28407052231484925,-0.16745365029032983,0.0
-0.2960423389615854,0.30350438311527106,0.549060325601557,0.5805809982506311,-0.027815493885570863,0.0
1.0661494775287468,0.28270029693060017,1.0778746898082168,-0.10928758111536663,0.18356753473402784,0.0
-0.7024867195185123,0.4351006411546616,-0.15989516622862754,0.010645711372343825,0.015188878290301383,0.0
-0.680775021882942,0.4365180538567045,-0.09411468241082388,-0.036844151814265036,0.15841637893755026,0.0
2.260960900495408,0.3441891847794786,-0.036918319760809615,-0.16284834135118992,0.02397237658102075,0.0
1.8067371092043816,0.34771019698403927,-0.3500406948886352,0.24895003660142623,-0.09293703869556354,0.0
-0.37460394171255673,0.43150515218028185,-0.21818215225827586,0.09891721886075366,0.022706053600582143,0.0
-0.24399758500494448,0.42785575242166984,-0.2431006101356593,0.13505157535302037,0.02261166165381881,0.0
1.2603678866304209,0.364596682447091,-0.5218936109778847,0.5417146657061509,0.04229216680414441,0.0
0.35785897001481837,0.4454364131849464,0.2950043800073532,-0.6581065023110975,-0.047446207784528134,0.0
0.015999199122949753,0.46245501222726226,0.10013880794680141,-0.5514267795236213,-0.5827513541127362,0.0
-0.08972857656182784,0.45317195334681226,0.0018961411381782645,-0.26018016190665516,-0.12145643865137407,0.0
0.018954497164703293,0.4316502688579896,-0.28793446083741636,0.20538396451279417,0.03134556559674545,0.0
-0.22478820880013525,0.3427431314157442,0.5536426808808711,0.5925524644710181,0.0019421300067398034,0.0
-0.7666602179250288,0.4759379008764797,-0.14495930518047617,-0.0032670414640413314,0.013639435590682286,0.0
-0.11498242131284556,0.45426097985623837,0.14734304499404727,-0.14408278088034904,0.8695185947628741,0.0
-0.8315686515822722,0.49225391215215,-0.13165553720866918,-0.019736356983673542,0.012929065819128727,0.0
1.9436005555396219,0.40764620518019357,0.051811148780667615,-0.26406705313648005,0.07211803096666308,0.0
-0.2430205570099341,0.4702216027779019,-0.24116817922193656,0.14011214732820776,0.01922643090310558,0.0
-0.5703337774189957,0.4871859916959812,-0.18147947429945732,0.05286321776868386,0.012368379125148057,0.0
-0.24195979264853792,0.47464523919732005,-0.23806014080906013,0.13853283478525602,0.025212164519728353,0.0
-0.6987419917443769,0.49967979089715,-0.15011262992239305,0.013401319686912161,0.024941472546643945,0.0
-0.24190433017731486,0.4813382896772116,-0.23805461922227789,0.13954971629814894,0.024023497768563884,0.0
-0.8994390627497406,0.5131444328327025,-0.12744157986734617,-0.02891571164484269,-0.008428842220980559,0.0
-0.2414993834787895,0.4880182327466779,-0.2369893836434689,0.13979606088365581,0.025148652968289997,0.0
-0.41535363001514514,0.5191706519458709,0.0655109556678255,-0.3427972624387129,-0.1285473661179391,0.0
0.5428601683162605,0.46386306744540273,-0.38425843280492855,0.3546319224146194,0.029877155596289895,0.0
1.3294416829772506,0.46857812051459113,0.08274450933661315,-0.3609940822851367,-0.11255657869941628,0.0
0.28181218680159054,0.4800825294913659,-0.3341388838824688,0.28351889696013244,0.029082088322354094,0.0
-0.7681429665799762,0.42284528108141284,0.588281808813606,0.5051715951560996,-0.15128666446917555,0.0
-0.2837837690138727,0.5311070873477404,0.04313453373066156,-0.30612917407714346,-0.1258930615787699,0.0
-0.2409722496605128,0.5125472747882138,-0.23598739077859987,0.1428107806588622,0.022933794015370462,0.0
0.7419958837647332,0.4705423759717845,-0.41215181947913115,0.40380889683373045,0.0482426431234714,0.0
0.15168679085275488,0.43099833945997124,1.2486603239204346,-0.3408623379260593,0.15425950810139974,0.0
0.34827423373841604,0.42661466998051223,1.2133110957387034,-0.28796558221437174,0.15834681749588422,0.0
0.10962132134232391,0.529026245163501,-0.02702854405000532,-0.1997040496045684,-0.1177501985655201,0.0
-0.12084473794142289,0.5413756631858586,-0.09456947704786245,-0.1767666392939326,-0.34769272741125357,0.0
-0.8951382813088877,0.5598490461737303,-0.11553922376805026,-0.03042385236178563,0.009154178908017216,0.0
-0.46873307184380797,0.5428945936790508,-0.19053623529728458,0.0818931695006786,0.022822334933164684,0.0
-0.8895622961759855,0.5641033391802308,-0.09874003063385939,-0.04195824747484894,0.04503372780458009,0.0
-0.2390235851050587,0.5414864227016191,-0.2307834355225984,0.14345077627313174,0.029093186083334527,0.0
-0.7598407097519096,0.5694139635432259,-0.12655817964393146,-0.0023542787456698466,0.03700707042341464,0.0
-0.8224534785836399,0.583412165679991,-0.10623922711871159,-0.024264758748237802,0.05201417636085065,0.0
-0.8940861539941931,0.5888218187278436,-0.11305376904564923,-0.0278071865666763,0.00937788808844818,0.0
0.3628509734104245,0.46847046297595885,1.256480880517839,-0.3128894250719222,0.2450008759197381,0.0
-0.11122241309323325,0.5634737605093283,0.15608756184637596,-0.13376643441008346,0.8689999170927937,0.0
-0.43685418192380654,0.579392369688204,-0.20001699173713317,0.09899072654498042,0.0089960277637985,0.0
2.185636446883496,0.5014935916293766,-0.0586139559591311,-0.13243014292216343,-0.07837227219353216,0.0
1.4876591781650643,0.5161220148820126,-0.2690675597258594,0.16936513595819624,-0.08053819703903899,0.0
0.8096224509443634,0.530002567870151,-0.4190570017853479,0.4271958454081147,0.04931574918730244,0.0
-0.23877961441446208,0.5794163459810602,-0.23096536225895814,0.14936813780155211,0.021891864070850003,0.0
0.6778471712368718,0.5426226489016394,-0.39789984934498124,0.39515759626714375,0.039596592536889935,0.0
0.548535078753128,0.5907990317815457,0.23809808738633664,-0.5667352022647693,-0.11724359846314455,0.0
-0.43473113886125947,0.6016298469328797,-0.1941216290461305,0.0981070911355536,0.01786578930738668,0.0
-0.37239138767674707,0.4943228704205803,0.5234446240425238,0.6189540278429893,-0.1447229843140854,0.0
0.6700095863303736,0.5754927350027594,-0.013108692036276737,-0.1282342491314144,0.11869048326668641,0.0
1.0301573242639757,0.5612689490462962,-0.1837901613694426,0.04923779633230263,-0.09024108801048088,0.0
1.0073414253018373,0.5835422460071094,0.15585450099909504,-0.4430287220267426,-0.10772065688744484,0.0
-0.11011726569429084,0.6409921310243959,0.5553344344651023,-0.8915554304055697,0.2708948316451806,0.0
0.0916452257987246,0.6336913026422831,0.32528542653728,-0.6885915926626098,-0.12237600731333442,0.0
1.4645462109853638,0.4678958999242917,1.0182931020276498,0.018028651416168495,0.18119420806029526,0.0
-0.1674822935189306,0.611958343811912,-0.22608939008219053,0.1601052135866008,0.0534913056554176,0.0
1.4878052628058205,0.5585190297793983,-0.2696547340769634,0.17625775782004427,-0.08942483478560154,0.0
-0.826918865222289,0.6460675256685844,-0.12129736808695357,-0.003787350119706434,0.007928882410552646,0.0
-0.15547369761330568,0.6391293198087689,0.008542344602853635,-0.24594593592580016,-0.16712151232661376,0.0
-0.2167902607873922,0.6254575491954877,-0.16542731681996503,0.10886053159392417,0.1565851963584107,0.0
0.09040791841465978,0.61371099555613,-0.28621774073835604,0.24121820742091815,0.02923082708895522,0.0
-0.962487818884544,0.5588157439838999,0.627232229121722,0.46973397683218987,-0.17112520197859815,0.0
0.309815302724348,0.6293976918206795,-0.053990174434604965,-0.13691202278874853,-0.11416039632396985,0.0
1.3575398944521686,0.5844727427673764,-0.24424450017062427,0.1431688100706079,-0.09225908872051292,0.0
0.09331534819422878,0.5564229806140023,1.279129038843379,-0.3531379517497917,0.1714159648100874,0.0
-0.7580169731484239,0.665309102886929,-0.12335956350460464,0.009952798245225214,0.026780696741889237,0.0
-0.23646654879278692,0.646280900431125,-0.2255781620258478,0.1556599720841294,0.02164726466346084,0.0
-0.248427533830704,0.5614378085989924,0.8860193781347052,0.1355169061995215,-0.06662780711412297,0.0
-0.43576524530368177,0.5529838212062714,0.540371432712631,0.606316011798022,-0.14512723975704067,0.0
-1.3202929594311055,0.7042097581045438,0.06538221922516674,-0.20478223583556676,0.19027348158746185,0.0
-0.11639411596718793,0.6706479341629857,-0.08421882444714679,-0.16455545367606728,-0.34830667240849156,0.0
-0.4095985153932895,0.6863330713128456,0.07889542023771645,-0.32700693620871457,-0.12934126051091926,0.0
-0.40952178053166477,0.688561903571072,0.07907387976531499,-0.3267963985256479,-0.12935184576949238,0.0
-0.1811725193365664,0.6618150995300476,-0.16357104293970615,0.11771473187001835,0.16751261501501605,0.0
-0.23520712482556075,0.6707824779212369,-0.22235570238038804,0.1570601508951206,0.02428066176529825,0.0
-0.235130389963936,0.6730113101794631,-0.2221772428527895,0.15727068857818716,0.024270076506725247,0.0
0.10292249312362758,0.6979879443923577,0.3579082999284243,-0.7024436004503907,-0.06275290675960137,0.0
-0.4787197474077113,0.5863301315991649,0.6198106680670245,0.5444808097158764,-0.004636710100366939,0.0
-0.038236128833962046,0.6753112640784038,-0.2567587827777973,0.2106301408354735,0.028832864366977018,0.0
0.04982171004841751,0.69690694360422,-0.0019204899287368349,-0.2016161545061549,-0.11990300100380413,0.0
-0.42866694355987545,0.633491845467199,1.378628460137553,-0.4880201949443371,0.1602059721733187,0.0
-0.03831161173137815,0.6864726460664154,-0.2572587520212213,0.21269517131006033,0.025740006832325746,0.0
0.09746614701716905,0.6870927132083543,-0.26660480278221066,0.2381871506637605,0.05884655008222012,0.0
-0.5614460571718759,0.7189505184544849,-0.16016856407152924,0.07275874889852962,0.017274416367317802,0.0
-0.23408827286233816,0.710911298967528,-0.21993901195870935,0.16142831036703653,0.022353023544248285,0.0
-0.7390824671753236,0.7547082081433867,0.1307549781685332,-0.40073628140696077,-0.16249932673707998,0.0
0.15960010182372458,0.6976612811998892,-0.2889720202844769,0.2653302472730654,0.03496453011700332,0.0
-0.21619115205938075,0.7191669080231643,-0.16588782741177877,0.12348792604988656,0.13876957983099333,0.0
0.615749269986849,0.6838090223342821,-0.3791101101991452,0.3937560653465182,0.02845101947612491,0.0
-0.7589384119694528,0.7479169388689486,-0.12815962453279894,0.02603406322456625,0.0014911367526750513,0.0
-1.0192648607325603,0.7641093398198149,-0.07585222765382738,-0.04666978546589068,0.005473104287260264,0.0
0.13010565194405663,0.7549929048774032,0.4389240308551316,-0.7525038136554261,0.10373381892404387,0.0
-0.06966937974920143,0.7280651823804746,-0.2480954559849593,0.20773890288100094,0.024864725526072162,0.0
-0.19376818019571088,0.6294703406704665,0.6407082364862521,0.5731440908609502,0.14041346877296867,0.0
0.030308126774643396,0.7280419074598918,-0.26071867646326796,0.23085462121252387,0.03753755431099215,0.0
-0.49045454496082086,0.7537356958441636,-0.15627408957465172,0.08454978792229717,0.046330575693012965,0.0
1.0767757984636552,0.6853958094089524,-0.4548384812763979,0.5140864115761961,0.05059857922616276,0.0
1.8130864514001725,0.6733017540520994,-0.33870385374850986,0.2903904400984084,-0.12661890243182627,0.0
-0.23428141983141557,0.7488576163503985,-0.22144637676617784,0.16830942153586614,0.01225768698958353,0.0
-0.8875303890329191,0.7827347320959177,-0.0978921662769695,-0.009225463760942298,0.007661377159026553,0.0
-0.23267374362992174,0.755492451034438,-0.21673419753913215,0.16590400840730546,0.02134572493922232,0.0
-1.7261935584638783,0.8250398851122313,0.09478259660316835,-0.2635322388253911,0.07191493721970244,0.0
-0.23255307084992513,0.7599513456006678,-0.21647672611832192,0.1663973939205282,0.02110741647623432,0.0
-1.2159031218391683,0.8086656988408166,-0.04163300948319226,-0.0926195126198609,-0.008285851028778365,0.0
-0.5468580289396456,0.7125537571221432,1.4393493846349723,-0.5386170041921111,0.22486471113531245,0.0
0.1716233483660039,0.7886517879058931,0.35350155100858716,-0.6761091243130736,-0.0618279943157934,0.0
-0.4303304667214951,0.7822333258836799,-0.18516944160708226,0.11916199776329861,0.0049928379918631055,0.0
-0.42972898076782473,0.7844424773454721,-0.1833998199292931,0.11821557309293262,0.008456459866759677,0.0
-0.8873532641930368,0.807276901228675,-0.09795147856627762,-0.005439050095996323,0.0031292220480828026,0.0
-0.2315994555671754,0.7866961026496067,-0.21423576415275247,0.1688515359702385,0.02119753131919927,0.0
-0.8293850098150557,0.8349558698455474,0.27598595615364896,-0.5124415577035996,0.08628180504023425,0.0
0.10881504983896526,0.8160475845875588,0.3729023080116601,-0.6953101752754509,-0.051227158846633,0.0
-0.4273439457369871,0.8044384183778233,-0.17665582159794113,0.11637458080129837,0.01957940737357572,0.0
0.6428069028936404,0.7773668900113486,-0.10047287431479168,-0.034083304682293036,-0.10808565368041956,0.0
1.4715766737840006,0.7613137958122705,0.0855724884104665,-0.29977491603800993,-0.10530033385292085,0.0
-0.03217958740236013,0.7933647540247193,-0.241267536522627,0.21740201527496572,0.041444302009154665,0.0
-0.10139604640958969,0.7986837868453907,-0.24075557232901246,0.2085323543001465,0.014805000482813371,0.0
0.3158006219310778,0.8032466079623332,-0.04007033128191828,-0.12049008350955048,-0.1149860464926693,0.0
-0.2980365690402428,0.8209231286829282,-0.20600103501938494,0.1587903992042049,0.0062172917531044675,0.0
-0.03394886559388699,0.8112847924275356,-0.2470661232069289,0.22434066126761332,0.0255815082439175,0.0
0.7495322317795395,0.8156247682487409,8.976635261259691e-05,-0.32259293241939285,-0.5695181775032315,0.0
-0.885009279574422,0.854054904259606,-0.09198256612504219,-0.0026328781969888193,0.007756924776371951,0.0
0.643804456094762,0.806341709368291,-0.09815290045601055,-0.03134631480242678,-0.1082232620418695,0.0
0.4927057577571552,0.7281910545714169,1.2228858042153985,-0.23029088799801845,0.17873317765463773,0.0
-0.36065997406717376,0.8371534399305259,-0.18576855146457327,0.13728309111655013,0.020635356944244482,0.0
0.5332994676701879,0.7994695301130831,-0.21093535762629734,0.27081274226685836,0.3209246521763248,0.0
0.37564004267414264,0.8272914936845055,-0.06972039290709342,-0.08600970844632422,-0.15717116546004034,0.0
-0.0652757146147703,0.8327907773224609,-0.23732111496254182,0.2158987304549842,0.02957852907334238,0.0
0.02996494393865254,0.8681024832244544,0.13261844196973682,-0.5131089212054922,-0.5846778711730348,0.0
-0.5565351472300786,0.8593640773264644,-0.14869330415889292,0.08585370642812695,0.017114779318701034,0.0
0.7493081042720801,0.8050246610772069,-0.3981121875408733,0.44464524812118844,0.018861197269753438,0.0
-0.29230448905348805,0.8586472203528627,-0.18954179240797708,0.15260766995924968,0.03535096504601279,0.0
0.6852819985113981,0.8542331957123328,0.014847167873165423,-0.3367162229388446,-0.5710570349442775,0.0
-0.23101273977849165,0.8647839548732646,-0.2143543292875656,0.18084820429130166,0.006930218735263061,0.0
-0.10093994163551803,0.8621372831116565,0.1800011385445811,-0.10555438487915325,0.8675814924440024,0.0
-0.22868353082543527,0.8713917284622072,-0.20745430210400773,0.17685196792677083,0.020795291493422685,0.0
-1.065663910670037,0.8069244933264477,0.7293614153449651,0.41489119031240895,-0.046472317832438055,0.0
-0.22974304322262293,0.880358306289027,-0.21088385023270972,0.18070684862737618,0.011706115083575289,0.0
-0.5554164164690422,0.8972611927182496,-0.14622276359088515,0.08984241171337504,0.015704960597710566,0.0
-0.8815599666939342,0.9141817131410772,-0.08298735823563119,1.4613068049784683e-05,0.0165909165202571,0.0
-0.6840214124539404,0.9097623722180811,-0.11545260502014221,0.050814374514140725,0.026975226344155417,0.0
-0.22720579043274433,0.8914216975915928,-0.2034614231303351,0.17701136354422164,0.0259113348664696,0.0
0.1618928409205278,0.8770948248824902,0.1345344565598593,-0.03306035888828118,0.872932442556633,0.0
0.1097321177864086,0.9186718591514156,0.3731890499353946,-0.6798649262966441,-0.06901215805853972,0.0
-0.7511274837134966,0.9216973855198078,-0.10870412825959952,0.03843093047617219,0.012752253201316732,0.0
-0.8662164763673477,0.9479227444805103,0.16159386589381064,-0.41225009115923555,-0.18349851073232004,0.0
0.24432918657785324,0.9193362080853316,0.36026288433647635,-0.6517697816477203,-0.04372258085895227,0.0
0.19463075490927903,0.8857971439043925,-0.2925827298139996,0.3012999060325401,0.006738734776631464,0.0
-0.9453194977774915,0.9393814756117741,-0.06641673248344937,-0.01746889781539851,0.021412571060063362,0.0
0.6887880854880613,0.8680419990009006,-0.3726403393906885,0.42647457917159004,0.03631404121848711,0.0
0.23150291247049662,0.8930954147441128,-0.28621795742497935,0.30245201248901143,0.032713321707971865,0.0
1.005322888762621,0.7862755578280688,0.6823663461115757,0.4943906297877626,-0.04194117692066905,0.0
1.6088423098410933,0.8913172517080039,0.07759338875021704,-0.25553954161896353,-0.0924231090758344,0.0
-0.22767120195875493,0.9405367772611378,-0.20606544298754903,0.18639136607017548,0.011420313102102411,0.0
0.634648198352056,0.6906209773888737,1.1509048241113375,1.3817928137557973,-0.1830936141055196,0.0
-0.538178215624464,0.8710878020124522,0.8420034357324033,0.17743061487718104,-0.3253936368964011,0.0
1.4111631835970961,0.9113638361871788,0.10925286631094666,-0.3033713224041296,-0.10736845422262033,0.0
-0.3340682574663113,0.9753629858085242,0.09037156927414991,-0.2819346062784662,-0.12935843608011455,0.0
0.844612316369784,0.9245438140912801,-0.12368685461982176,0.03313001347792621,-0.10471814186890382,0.0
-0.13873899248966184,0.864317229200607,0.7902456273905109,0.26979234239312166,-0.2762634899516974,0.0
0.3628777608741159,0.9701914388534153,0.507927218685886,-0.7417939793727992,0.2960445181440896,0.0
-0.22102256430504716,0.9603728118224616,-0.18639325218589875,0.1751500546569007,0.05077119356835963,0.0
-0.3560341051993695,0.9708825586710536,-0.1749949465794277,0.14986733816288123,0.02014442102589936,0.0
0.3748475636230873,0.9799183453726485,0.12305944340273645,-0.4425728648639197,-0.49157858605557314,0.0
1.0221310623015702,0.9155710597972375,-0.4156177924239286,0.5114411244776597,0.06805312221548074,0.0
-0.046037781791535476,0.8782027922684662,0.8604567004252592,0.23030071180713252,-0.09880684628885732,0.0
-1.0776683476494764,1.0145109540051023,-0.048516866924436575,-0.03761034962207166,-0.006625422335268957,0.0
-0.7433253192070005,1.0017463324470024,-0.08699806397562204,0.03489882062420391,0.04573746920252911,0.0
-0.813842898546957,1.0071141638024321,-0.09043138633340508,0.028897847804721044,0.010483871088749652,0.0
-0.22446424419809705,0.9828189940729231,-0.19737136851659165,0.18653542652445065,0.02279872556506851,0.0
0.10315591565746329,0.9747699341877492,-0.2563462353286765,0.274626506816241,0.029614436308733783,0.0
-0.610148650390711,1.009159084100781,-0.10439385153516889,0.06726480340505014,0.06006717208806847,0.0
-0.0772577195294614,1.0061683633423693,0.02626457710523622,-0.19350478708821928,-0.1675091719458664,0.0
-0.422656980559021,1.005116551706313,-0.1673234888472277,0.1402157660699629,0.003934312134556181,0.0
-0.13594611734815523,1.0155559614935916,0.05859153164438946,-0.22482709690544578,-0.12548283185709141,0.0
-0.47509940170477083,1.0521502883393636,0.49126029219619566,-0.8289216020762571,-0.07663437950473448,0.0
-0.016599994602560536,1.035978173532022,0.4083028676985599,-0.7060572725704971,-0.06706909689474247,0.0
0.037985994811847584,0.9977908831443574,-0.2439980077088023,0.25987287807097514,0.025616978677399815,0.0
